{"attn_0_pattern": [[[[1.0, 2.90401004025137e-13, 2.90401004025137e-13, 2.90401004025137e-13, 2.90401004025137e-13, 2.90401004025137e-13], [0.1666666716337204, 0.1666666716337204, 0.1666666716337204, 0.1666666716337204, 0.1666666716337204, 0.1666666716337204], [0.1666666716337204, 0.1666666716337204, 0.1666666716337204, 0.1666666716337204, 0.1666666716337204, 0.1666666716337204], [0.1666666716337204, 0.1666666716337204, 0.1666666716337204, 0.1666666716337204, 0.1666666716337204, 0.1666666716337204], [0.1666666716337204, 0.1666666716337204, 0.1666666716337204, 0.1666666716337204, 0.1666666716337204, 0.1666666716337204], [0.1666666716337204, 0.1666666716337204, 0.1666666716337204, 0.1666666716337204, 0.1666666716337204, 0.1666666716337204]]]]}
{"attn_1_pattern": [[[[0.1666666716337204, 0.1666666716337204, 0.1666666716337204, 0.1666666716337204, 0.1666666716337204, 0.1666666716337204], [0.1666666716337204, 0.1666666716337204, 0.1666666716337204, 0.1666666716337204, 0.1666666716337204, 0.1666666716337204], [0.1666666716337204, 0.1666666716337204, 0.1666666716337204, 0.1666666716337204, 0.1666666716337204, 0.1666666716337204], [0.1666666716337204, 0.1666666716337204, 0.1666666716337204, 0.1666666716337204, 0.1666666716337204, 0.1666666716337204], [0.1666666716337204, 0.1666666716337204, 0.1666666716337204, 0.1666666716337204, 0.1666666716337204, 0.1666666716337204], [0.1666666716337204, 0.1666666716337204, 0.1666666716337204, 0.1666666716337204, 0.1666666716337204, 0.1666666716337204]]]]}
{"attn_2_pattern": [[[[0.1666666716337204, 0.1666666716337204, 0.1666666716337204, 0.1666666716337204, 0.1666666716337204, 0.1666666716337204], [0.1666666716337204, 0.1666666716337204, 0.1666666716337204, 0.1666666716337204, 0.1666666716337204, 0.1666666716337204], [0.1666666716337204, 0.1666666716337204, 0.1666666716337204, 0.1666666716337204, 0.1666666716337204, 0.1666666716337204], [0.1666666716337204, 0.1666666716337204, 0.1666666716337204, 0.1666666716337204, 0.1666666716337204, 0.1666666716337204], [0.1666666716337204, 0.1666666716337204, 0.1666666716337204, 0.1666666716337204, 0.1666666716337204, 0.1666666716337204], [0.1666666716337204, 0.1666666716337204, 0.1666666716337204, 0.1666666716337204, 0.1666666716337204, 0.1666666716337204]]]]}
{"attn_3_pattern": [[[[0.9999970197677612, 5.388870931710699e-07, 5.388870931710699e-07, 5.388870931710699e-07, 5.388870931710699e-07, 5.388870931710699e-07], [5.388883437262848e-07, 2.9040084139481115e-13, 2.9040084139481115e-13, 2.9040084139481115e-13, 2.9040084139481115e-13, 0.9999994039535522], [5.388883437262848e-07, 2.9040084139481115e-13, 2.9040084139481115e-13, 2.9040084139481115e-13, 0.9999994039535522, 2.9040084139481115e-13], [5.388883437262848e-07, 2.9040084139481115e-13, 2.9040084139481115e-13, 0.9999994039535522, 2.9040084139481115e-13, 2.9040084139481115e-13], [5.388883437262848e-07, 2.9040084139481115e-13, 0.9999994039535522, 2.9040084139481115e-13, 2.9040084139481115e-13, 2.9040084139481115e-13], [5.388883437262848e-07, 0.9999994039535522, 2.9040084139481115e-13, 2.9040084139481115e-13, 2.9040084139481115e-13, 2.9040084139481115e-13]]]]}
{"pos_embed": [[[0.0, 0.0, 0.0, 0.0, 0.0, 0.0, 0.0, 0.0, 0.0, 0.0, 0.0, 0.0, 0.0, 0.0, 0.0, 0.0, 0.0, 0.0, 0.0, 0.0, 0.0, 0.0, 0.0, 0.0, 0.0, 0.0, 0.0, 0.0, 0.0, 0.0, 0.0, 0.0, 0.0, 0.0, 0.0, 0.0, 0.0, 0.0, 0.0, 0.0, 0.0, 0.0, 0.0, 0.0, 0.0, 0.0, 0.0], [0.0, 0.0, 0.0, 0.0, 0.0, 0.0, 1.0, 0.0, 0.0, 0.0, 0.0, 0.0, 0.0, 0.0, 0.0, 0.0, 0.0, 0.0, 0.0, 0.0, 0.0, 0.0, 0.0, 0.0, 0.0, 0.0, 0.0, 0.0, 0.0, 0.0, 0.0, 0.0, 0.0, 0.0, 0.0, 0.0, 0.0, 0.0, 0.0, 0.0, 0.0, 0.0, 0.0, 0.0, 0.0, 0.0, 0.0], [0.0, 0.0, 0.0, 0.0, 0.0, 0.0, 0.0, 1.0, 0.0, 0.0, 0.0, 0.0, 0.0, 0.0, 0.0, 0.0, 0.0, 0.0, 0.0, 0.0, 0.0, 0.0, 0.0, 0.0, 0.0, 0.0, 0.0, 0.0, 0.0, 0.0, 0.0, 0.0, 0.0, 0.0, 0.0, 0.0, 0.0, 0.0, 0.0, 0.0, 0.0, 0.0, 0.0, 0.0, 0.0, 0.0, 0.0], [0.0, 0.0, 0.0, 0.0, 0.0, 0.0, 0.0, 0.0, 1.0, 0.0, 0.0, 0.0, 0.0, 0.0, 0.0, 0.0, 0.0, 0.0, 0.0, 0.0, 0.0, 0.0, 0.0, 0.0, 0.0, 0.0, 0.0, 0.0, 0.0, 0.0, 0.0, 0.0, 0.0, 0.0, 0.0, 0.0, 0.0, 0.0, 0.0, 0.0, 0.0, 0.0, 0.0, 0.0, 0.0, 0.0, 0.0], [0.0, 0.0, 0.0, 0.0, 0.0, 0.0, 0.0, 0.0, 0.0, 1.0, 0.0, 0.0, 0.0, 0.0, 0.0, 0.0, 0.0, 0.0, 0.0, 0.0, 0.0, 0.0, 0.0, 0.0, 0.0, 0.0, 0.0, 0.0, 0.0, 0.0, 0.0, 0.0, 0.0, 0.0, 0.0, 0.0, 0.0, 0.0, 0.0, 0.0, 0.0, 0.0, 0.0, 0.0, 0.0, 0.0, 0.0], [0.0, 0.0, 0.0, 0.0, 0.0, 0.0, 0.0, 0.0, 0.0, 0.0, 1.0, 0.0, 0.0, 0.0, 0.0, 0.0, 0.0, 0.0, 0.0, 0.0, 0.0, 0.0, 0.0, 0.0, 0.0, 0.0, 0.0, 0.0, 0.0, 0.0, 0.0, 0.0, 0.0, 0.0, 0.0, 0.0, 0.0, 0.0, 0.0, 0.0, 0.0, 0.0, 0.0, 0.0, 0.0, 0.0, 0.0]]]}