{"attn_0_pattern": [[[[1.0, 3.8477894379680184e-17, 3.8477894379680184e-17, 3.8477894379680184e-17, 3.8477894379680184e-17, 3.8477894379680184e-17], [0.5, 1.9238947189840092e-17, 0.5, 1.9238947189840092e-17, 1.9238947189840092e-17, 1.9238947189840092e-17], [1.0, 3.8477894379680184e-17, 3.8477894379680184e-17, 3.8477894379680184e-17, 3.8477894379680184e-17, 3.8477894379680184e-17], [0.25, 0.25, 0.25, 9.619473594920046e-18, 9.619473594920046e-18, 0.25], [0.20000000298023224, 0.20000000298023224, 0.20000000298023224, 0.20000000298023224, 7.695578875936037e-18, 0.20000000298023224], [0.3333333432674408, 0.3333333432674408, 0.3333333432674408, 1.2825964793226728e-17, 1.2825964793226728e-17, 1.2825964793226728e-17]]]]}
{"attn_1_pattern": [[[[1.0, 6.203055402664859e-09, 6.203055402664859e-09, 6.203055402664859e-09, 6.203055402664859e-09, 6.203055402664859e-09], [6.203055402664859e-09, 3.8477894379680184e-17, 1.0, 3.8477894379680184e-17, 3.8477894379680184e-17, 3.8477894379680184e-17], [6.203055402664859e-09, 1.0, 3.8477894379680184e-17, 3.8477894379680184e-17, 3.8477894379680184e-17, 3.8477894379680184e-17], [6.203055402664859e-09, 3.8477894379680184e-17, 3.8477894379680184e-17, 3.8477894379680184e-17, 3.8477894379680184e-17, 1.0], [6.203055402664859e-09, 3.8477894379680184e-17, 3.8477894379680184e-17, 1.0, 3.8477894379680184e-17, 3.8477894379680184e-17], [6.203055402664859e-09, 3.8475105126654655e-17, 3.8477894379680184e-17, 3.8477894379680184e-17, 1.0, 3.8477894379680184e-17]]]]}
{"pos_embed": [[[0.0, 0.0, 0.0, 0.0, 0.0, 0.0, 0.0, 0.0, 0.0, 0.0, 0.0, 0.0, 0.0, 0.0, 0.0, 0.0, 0.0, 0.0, 0.0, 0.0, 0.0, 0.0, 0.0, 0.0, 0.0], [1.0, 0.0, 0.0, 0.0, 0.0, 0.0, 0.0, 0.0, 0.0, 0.0, 0.0, 0.0, 0.0, 0.0, 0.0, 0.0, 0.0, 0.0, 0.0, 0.0, 0.0, 0.0, 0.0, 0.0, 0.0], [0.0, 1.0, 0.0, 0.0, 0.0, 0.0, 0.0, 0.0, 0.0, 0.0, 0.0, 0.0, 0.0, 0.0, 0.0, 0.0, 0.0, 0.0, 0.0, 0.0, 0.0, 0.0, 0.0, 0.0, 0.0], [0.0, 0.0, 1.0, 0.0, 0.0, 0.0, 0.0, 0.0, 0.0, 0.0, 0.0, 0.0, 0.0, 0.0, 0.0, 0.0, 0.0, 0.0, 0.0, 0.0, 0.0, 0.0, 0.0, 0.0, 0.0], [0.0, 0.0, 0.0, 1.0, 0.0, 0.0, 0.0, 0.0, 0.0, 0.0, 0.0, 0.0, 0.0, 0.0, 0.0, 0.0, 0.0, 0.0, 0.0, 0.0, 0.0, 0.0, 0.0, 0.0, 0.0], [0.0, 0.0, 0.0, 0.0, 1.0, 0.0, 0.0, 0.0, 0.0, 0.0, 0.0, 0.0, 0.0, 0.0, 0.0, 0.0, 0.0, 0.0, 0.0, 0.0, 0.0, 0.0, 0.0, 0.0, 0.0]]]}{"attn_0_pattern": [[[[1.0, 3.8477894379680184e-17, 3.8477894379680184e-17, 3.8477894379680184e-17, 3.8477894379680184e-17, 3.8477894379680184e-17], [0.3333333432674408, 1.2825964793226728e-17, 1.2825964793226728e-17, 0.3333333432674408, 1.2825964793226728e-17, 0.3333333432674408], [0.20000000298023224, 0.20000000298023224, 7.695578875936037e-18, 0.20000000298023224, 0.20000000298023224, 0.20000000298023224], [1.0, 3.8477894379680184e-17, 3.8477894379680184e-17, 3.8477894379680184e-17, 3.8477894379680184e-17, 3.8477894379680184e-17], [0.25, 0.25, 9.619473594920046e-18, 0.25, 9.619473594920046e-18, 0.25], [0.5, 1.9238947189840092e-17, 1.9238947189840092e-17, 0.5, 1.9238947189840092e-17, 1.9238947189840092e-17]]]]}
{"attn_1_pattern": [[[[1.0, 6.203055402664859e-09, 6.203055402664859e-09, 6.203055402664859e-09, 6.203055402664859e-09, 6.203055402664859e-09], [6.203055402664859e-09, 3.8477894379680184e-17, 3.8477894379680184e-17, 1.0, 3.8477894379680184e-17, 3.8477894379680184e-17], [6.203055402664859e-09, 3.8477894379680184e-17, 3.8477894379680184e-17, 3.8477894379680184e-17, 3.8477894379680184e-17, 1.0], [6.203055402664859e-09, 1.0, 3.8477894379680184e-17, 3.8477894379680184e-17, 3.8477894379680184e-17, 3.8477894379680184e-17], [6.203055402664859e-09, 3.8477894379680184e-17, 3.8477894379680184e-17, 3.8477894379680184e-17, 1.0, 3.8477894379680184e-17], [6.203055402664859e-09, 3.8477894379680184e-17, 1.0, 3.8477894379680184e-17, 3.8477894379680184e-17, 3.8475105126654655e-17]]]]}
{"pos_embed": [[[0.0, 0.0, 0.0, 0.0, 0.0, 0.0, 0.0, 0.0, 0.0, 0.0, 0.0, 0.0, 0.0, 0.0, 0.0, 0.0, 0.0, 0.0, 0.0, 0.0, 0.0, 0.0, 0.0, 0.0, 0.0], [1.0, 0.0, 0.0, 0.0, 0.0, 0.0, 0.0, 0.0, 0.0, 0.0, 0.0, 0.0, 0.0, 0.0, 0.0, 0.0, 0.0, 0.0, 0.0, 0.0, 0.0, 0.0, 0.0, 0.0, 0.0], [0.0, 1.0, 0.0, 0.0, 0.0, 0.0, 0.0, 0.0, 0.0, 0.0, 0.0, 0.0, 0.0, 0.0, 0.0, 0.0, 0.0, 0.0, 0.0, 0.0, 0.0, 0.0, 0.0, 0.0, 0.0], [0.0, 0.0, 1.0, 0.0, 0.0, 0.0, 0.0, 0.0, 0.0, 0.0, 0.0, 0.0, 0.0, 0.0, 0.0, 0.0, 0.0, 0.0, 0.0, 0.0, 0.0, 0.0, 0.0, 0.0, 0.0], [0.0, 0.0, 0.0, 1.0, 0.0, 0.0, 0.0, 0.0, 0.0, 0.0, 0.0, 0.0, 0.0, 0.0, 0.0, 0.0, 0.0, 0.0, 0.0, 0.0, 0.0, 0.0, 0.0, 0.0, 0.0], [0.0, 0.0, 0.0, 0.0, 1.0, 0.0, 0.0, 0.0, 0.0, 0.0, 0.0, 0.0, 0.0, 0.0, 0.0, 0.0, 0.0, 0.0, 0.0, 0.0, 0.0, 0.0, 0.0, 0.0, 0.0]]]}{"attn_0_pattern": [[[[1.0, 3.8477894379680184e-17, 3.8477894379680184e-17, 3.8477894379680184e-17, 3.8477894379680184e-17, 3.8477894379680184e-17], [0.3333333432674408, 1.2825964793226728e-17, 1.2825964793226728e-17, 0.3333333432674408, 1.2825964793226728e-17, 0.3333333432674408], [0.20000000298023224, 0.20000000298023224, 7.695578875936037e-18, 0.20000000298023224, 0.20000000298023224, 0.20000000298023224], [1.0, 3.8477894379680184e-17, 3.8477894379680184e-17, 3.8477894379680184e-17, 3.8477894379680184e-17, 3.8477894379680184e-17], [0.25, 0.25, 9.619473594920046e-18, 0.25, 9.619473594920046e-18, 0.25], [0.5, 1.9238947189840092e-17, 1.9238947189840092e-17, 0.5, 1.9238947189840092e-17, 1.9238947189840092e-17]]]]}
{"attn_1_pattern": [[[[1.0, 6.203055402664859e-09, 6.203055402664859e-09, 6.203055402664859e-09, 6.203055402664859e-09, 6.203055402664859e-09], [6.203055402664859e-09, 3.8477894379680184e-17, 3.8477894379680184e-17, 1.0, 3.8477894379680184e-17, 3.8477894379680184e-17], [6.203055402664859e-09, 3.8477894379680184e-17, 3.8477894379680184e-17, 3.8477894379680184e-17, 3.8477894379680184e-17, 1.0], [6.203055402664859e-09, 1.0, 3.8477894379680184e-17, 3.8477894379680184e-17, 3.8477894379680184e-17, 3.8477894379680184e-17], [6.203055402664859e-09, 3.8477894379680184e-17, 3.8477894379680184e-17, 3.8477894379680184e-17, 1.0, 3.8477894379680184e-17], [6.203055402664859e-09, 3.8477894379680184e-17, 1.0, 3.8477894379680184e-17, 3.8477894379680184e-17, 3.8475105126654655e-17]]]]}
{"pos_embed": [[[0.0, 0.0, 0.0, 0.0, 0.0, 0.0, 0.0, 0.0, 0.0, 0.0, 0.0, 0.0, 0.0, 0.0, 0.0, 0.0, 0.0, 0.0, 0.0, 0.0, 0.0, 0.0, 0.0, 0.0, 0.0], [1.0, 0.0, 0.0, 0.0, 0.0, 0.0, 0.0, 0.0, 0.0, 0.0, 0.0, 0.0, 0.0, 0.0, 0.0, 0.0, 0.0, 0.0, 0.0, 0.0, 0.0, 0.0, 0.0, 0.0, 0.0], [0.0, 1.0, 0.0, 0.0, 0.0, 0.0, 0.0, 0.0, 0.0, 0.0, 0.0, 0.0, 0.0, 0.0, 0.0, 0.0, 0.0, 0.0, 0.0, 0.0, 0.0, 0.0, 0.0, 0.0, 0.0], [0.0, 0.0, 1.0, 0.0, 0.0, 0.0, 0.0, 0.0, 0.0, 0.0, 0.0, 0.0, 0.0, 0.0, 0.0, 0.0, 0.0, 0.0, 0.0, 0.0, 0.0, 0.0, 0.0, 0.0, 0.0], [0.0, 0.0, 0.0, 1.0, 0.0, 0.0, 0.0, 0.0, 0.0, 0.0, 0.0, 0.0, 0.0, 0.0, 0.0, 0.0, 0.0, 0.0, 0.0, 0.0, 0.0, 0.0, 0.0, 0.0, 0.0], [0.0, 0.0, 0.0, 0.0, 1.0, 0.0, 0.0, 0.0, 0.0, 0.0, 0.0, 0.0, 0.0, 0.0, 0.0, 0.0, 0.0, 0.0, 0.0, 0.0, 0.0, 0.0, 0.0, 0.0, 0.0]]]}